{
    "msg": "",
    "code": 0,
    "data": [
        {"id":"113", "parentid":0,  "name":"植物(自定义图标)", "listorder": 1, "num": 10},
        {"id":"114", "parentid":"113",  "name":"大叶榕(自定义图标)", "listorder": 1, "num": 10},
        {"id":"112", "parentid":0,  "name":"动物(默认单选)", "listorder": 1, "num": 10},
        {"id":"115", "parentid":"112",  "name":"大笨象", "listorder": 1, "num": 10},
        {"id":"1", "parentid":0,  "name":"水果", "listorder": 1, "num": 10},
        {"id":"101", "parentid":"1","name":"苹果", "listorder": 1, "num": 10},
        {"id":"102", "parentid":"1", "name":"香蕉", "listorder": 1, "num": 10},
        {"id":"103", "parentid":"1", "name":"梨", "listorder": 1, "num": 10},
        {"id":"104", "parentid":"101", "name":"红富士苹果", "listorder": 1, "num": 10},
        {"id":"105", "parentid":"101", "name":"红星苹果", "listorder": 1, "num": 10},
        {"id":"106", "parentid":"101", "name":"嘎拉", "listorder": 1, "num": 10},
        {"id":"107", "parentid":"101", "name":"桑萨", "listorder": 1, "num": 10},
        {"id":"108", "parentid":"102", "name":"千层蕉（禁止多选）", "listorder": 1, "num": 10},
        {"id":"109", "parentid":"102", "name":"仙人蕉", "listorder": 1, "num": 10},
        {"id":"110", "parentid":"102", "name":"吕宋蕉(禁止单选)", "listorder": 1, "num": 10},
        {"id":"111", "parentid":"1", "name":"大西瓜", "listorder": 1, "num": 10},

        {"id":"1000", "parentid":"111", "name":"大西瓜[1000]", "listorder": 1, "num": 10},
        {"id":"1001", "parentid":"111", "name":"大西瓜[1001]", "listorder": 1, "num": 10},
        {"id":"1002", "parentid":"111", "name":"大西瓜[1002]", "listorder": 1, "num": 10},
        {"id":"1003", "parentid":"111", "name":"大西瓜[1003]", "listorder": 1, "num": 10},
        {"id":"1004", "parentid":"111", "name":"大西瓜[1004]", "listorder": 1, "num": 10},
        {"id":"1005", "parentid":"111", "name":"大西瓜[1005]", "listorder": 1, "num": 10},

        {"id":"1006", "parentid":"110", "name":"大西瓜[1006]", "listorder": 1, "num": 10},
        {"id":"1007", "parentid":"110", "name":"大西瓜[1007]", "listorder": 1, "num": 10},
        {"id":"1008", "parentid":"110", "name":"大西瓜[1008]", "listorder": 1, "num": 10}
    ],
    "count": 25
}